{"mean": [921.8741461248056, 21.4867976904286, 27.489749056184763, 57.500497446147016, 44.125660670664004, 6.226664445924938], "scale": [557.4229989623431, 14.802410354516857, 23.48431959989579, 30.72318372547218, 27.59815502338847, 5.7408929840267815]}